test_mae,test_ev,test_mse,test_r2,test_r,test_p
2.959216747280014,0.45904769476665774,16.04795905340481,0.45603583034337714,0.6978939299664707,2.6912373223016313e-33
