test_mae,test_ev,test_mse,test_r2,test_r,test_p
2.959686982119069,0.45887867311210984,16.052945507922647,0.4558668086888291,0.697727041743869,2.827778130800582e-33
