test_mae,test_ev,test_mse,test_r2,test_r,test_p
4.061982783336164,0.030928656407215094,28.662508792099466,0.028451048293141157,0.17874511484029032,0.008015043009195696
