test_mae,test_ev,test_mse,test_r2,test_r,test_p
3.9830660809794747,0.03942268757814871,28.415421406099206,0.036826361584443634,0.20372647074538783,0.0024499270412461412
