test_mae,test_ev,test_mse,test_r2,test_r,test_p
3.9614962857891998,0.08940480672121376,26.928766978264264,0.08721823625912395,0.2990196761622776,6.693060625208102e-06
