test_mae,test_ev,test_mse,test_r2,test_r,test_p
2.8616162581927806,0.4865776190836205,15.181731299545326,0.4853976239081311,0.6987583784275715,2.0815330184710875e-33
