test_mae,test_ev,test_mse,test_r2,test_r,test_p
2.8665760736397616,0.4854814624266569,15.216590591795661,0.4842160277998242,0.6980518897420087,2.5679993110260064e-33
