test_mae,test_ev,test_mse,test_r2,test_r,test_p
3.972497145421973,0.03945905654014814,28.658737087772714,0.028578894582221626,0.2415971625067105,0.00030802900905901014
