test_mae,test_ev,test_mse,test_r2,test_r,test_p
3.898824284174671,0.03137962508001757,29.63521346271195,-0.004519903758146482,0.18127762739569753,0.007153083763908787
