test_mae,test_ev,test_mse,test_r2,test_r,test_p
3.852224419998796,0.09585513426751169,26.87308125720752,0.08910576830700345,0.31064715671462845,2.767835125314651e-06
