test_mae,test_ev,test_mse,test_r2,test_r,test_p
2.927877408807928,0.49167092856540195,16.438191503893343,0.4421858440266043,0.7012317039791274,7.06341122580546e-34
